{
  "appId": "com.dream3dforge.app",
  "productName": "Dream3DForge",
  "copyright": "Copyright © 2025 Dream3DForge",
  "directories": {
    "output": "release",
    "buildResources": "build"
  },
  "files": [
    "dist/**/*",
    "electron/**/*",
    "public/icons/**/*"
  ],
  "extraMetadata": {
    "main": "electron/main.js"
  },
  "win": {
    "target": [
      {
        "target": "nsis",
        "arch": ["x64"]
      },
      {
        "target": "portable",
        "arch": ["x64"]
      }
    ],
    "icon": "public/icons/icon-512.png",
    "artifactName": "${productName}-${version}-${os}-${arch}.${ext}"
  },
  "nsis": {
    "oneClick": false,
    "allowToChangeInstallationDirectory": true,
    "createDesktopShortcut": true,
    "createStartMenuShortcut": true,
    "shortcutName": "Dream3DForge"
  },
  "mac": {
    "target": [
      {
        "target": "dmg",
        "arch": ["x64", "arm64"]
      }
    ],
    "icon": "public/icons/icon-512.png",
    "category": "public.app-category.games",
    "artifactName": "${productName}-${version}-${os}-${arch}.${ext}"
  },
  "linux": {
    "target": [
      {
        "target": "AppImage",
        "arch": ["x64"]
      },
      {
        "target": "deb",
        "arch": ["x64"]
      }
    ],
    "icon": "public/icons",
    "category": "Game",
    "artifactName": "${productName}-${version}-${os}-${arch}.${ext}"
  },
  "publish": null
}
